Name1,Name2
Sakaleshwar,Rishabhapriya
Ilan,Vasumitha
Shiravan,Dharika
Parthasarthi,Rushali
Parannithan,Ellili
Shudhir,Thuvarana
Aashish,Boorveka
Brundhan,Indhupriya
Sarojan,Hasniya
Raguthan,Jothisha
Shivlal,Harusha
Nachiappan,Thushara
Rubendran,Ahisha
Parishan,Mahatapa
Raamadaas,Kuyilsai
Sathurukkan,Vinamra
Muralibabu,Rishu
Aayus,Arunitha
Saathithyan,Sabina
Nageswara,Tinesh
Kartar,Jil
Mithrayen,Indradhevi
Dhiswanth,Trinitra
Jwalan,Nithenthika
Suboshan,Devadhy
Rohithvishnu,Janikaa
Harijan,Hanusree
Pukalalan,Abhiprithi
Ganash,Zhabana
Harilal,Oviyathendral
Palanisami,Jananapriya
Atharva,Kaliani
Braman,Jintha
Kaveesh,Neka
Aniswar,Vasantika
Jivram,Chamika
Dalpati,Kendra
Sukhon,Reshnave
Sarukesh,Cauvery
Akshansh,Vaahanya
Diptendu,Hamsavarthini
Hrishul,Innila
Lashwin,Thiloshana
Shripati,Bipasha
Parabrahmana,Radhisha
Elamani,Jothirsha
Tharavaran,Harshiga
Aarusan,Dinoja
Shashvanth,Samasti
Aayilyan,Raathika
Ilakkuvan,Varchini
Ashwarth,Samudrapriya
Nithish,Amyra
Dhaval,Ghaiyathiri
Asitvaran,Yarunthini
Sumantra,Hiyaashini
Kasvin,Rishoma
Ashant,Amiltina
Kamsantak,Kajaani
Kameeran,Dhivyabharathi
Rauhish,Dheeravi
Purnachandar,Nesana
Kunatheepan,Gayathiri
Aswinharesh,Brithiya
Jirothan,Bhamathi
Mukilarasan,Aruthra
Sathiskumar,Neelisha
Darmaraj,Mathivadani
Saisanjay,Jenipa
Gobinathan,Karunika
Suhuram,Namasya
Roith,Sharda
Kaarthik,Mikitha
Smitesh,Athirai
Lian,Ekavali
Muthulingam,Anathmika
Gulal,Keya
Durgeswar,Myvili
Duraimurugan,Rubeeksha
Kokilen,Nirthiya
Gokulkumar,Chaturbhuja
Balaganesan,Prateeksha
Pirabakaran,Kiritika
Izija,Nandini
Khounish,Rudraroopa
Sontosh,Bilva
Aththikan,Mahagauri
Shashwan,Venkataraj
Thagapandian,Cinthamani
Tarosh,Hatisha
Rashpal,Ashwitha
Maitraiy,Perasanya
Ajeesh,Annamma
Lakshmanapranadata,Aashana
Arivuththamil,Jathartha
Karuvalan,Yaarahi
Tharmeekan,Vridhi
Rajbeer,Yaathushi
Nadeesh,Kavithaiani
Sabhrant,Poornisha
Senkathiron,Jignya
Pravin,Kobini
Atchaya,Yathiska
Liroshan,Neyanethra
Bahirathan,Rubanya
Anaashan,Parimalam
Chapal,Tamilarasy
Trilokchand,Bodhani
Nelavarasan,Prijal
Parva,Methoori
Thivyan,Deepjyothi
Baasima,Akangsha
Nithushayan,Dhanueurekka
Aathanan,Priya
Deelip,Rupi
Charvaka,Ashviya
Dayal,Bakula
Sivaprakash,Diluxshni
Partheevan,Bhabani
Pratharsan,Avanee
Shambhu,Faheemah
Padmabandhu,Tharny
Mahijith,Vinayasri
Rigved,Venthamarai
Anivardh,Pragya
Seliyan,Haritharini
Karunyan,Priyanga
Nanujan,Annani
Apparajito,Tanishaa
Krishikeshan,Revani
Livcharan,Wishma
Sukanth,Kaaviyasri
Aranesh,Chrisnica
Moushimi,Vanmoli
Mrinanka,Angelie
Shakshan,Kaasika
Maruthu,Rukshinny
Eshwardutt,Alycia
Suganthesh,Chaula
Chaturbahave,Priyanthini
Sudham,Mojitta
Cinthan,Pradya
Shathick,Kumarika
Nijanthan,Dorothy
Jugnu,Nihara
Subothanan,Pallvi
Danyasarathi,Thiruparkavi
Abeeshnan,Nuvarsha
Hasik,Krishni
Sivanand,Kamali
pashupathi,Dheeptha
Litesh,Akshela
Sinthan,Dhesiga
Adarshanan,Olichelvi
Jayantatranavarada,Pirajani
Rathushnan,Champakmala
Anandharaj,Kaethusha
Adviteeya,Bhuvanya
Arthiyan,Keerthishree
Bhagirathan,Debasmita
Sahinthan,Pradeeksha
Akayan,Vijayshri
Raghubir,Divia
Sanahan,Arini
Gevan,Birathi
Sivanjan,Keethiga
Panduranga,Nitharshiya
Sandeepan,Mulya
Senil,Iksura
Koheran,Yaanasha
Suryanath,Mrudula
Srisai,Boorani
Chandrakumar,Rosa
Hemaprakash,Madhula
Danavarsh,Jaathangi
Shagunth,Illamani
Sidhanath,Murshita
Sathiyan,Vineetha
Niqiles,Mukti
Rubenthiran,Prithisha
Eelaventhan,Mishalee
Eswith,Pragashri
Chathurijan,Samvritha
Souradip,Ninthu
Harbinder,Kapalini
Maiyalakan,Nuhila
Pakshil,Indubala
Kumaragurubaran,Peralaki
Ravipriyan,Mangalika
Puradchinilavan,Varkulali
Anandkumar,Puwika
Shanushan,Sanjeetha
Shorya,Munasha
Baalaark,Yugashini
Pojaraj,Tashu
Mann,Nirmayi
Ayishan,Oviaa
Lepaksh,Hopika
Somjit,Pragalya
Rikas,Arundha
Parasme,Bhagyashri
Kokularaj,Dalila
Dasharathi,Jaanani
Sakthisajan,Asvatha
Mahabahu,Chandrani
Bagyaraj,Biravy
Chitti,Mohanavathani
Ashpan,Rulil
Aahlaadith,Aksithi
Salain,Kaasni
Ramatheepan,Charusha
Navamani,Zanjana
Iyanaar,Ajince
Srivathsa,Riami
Brahmaputhra,Poojasree
Iniyavan,Dvita
Shagan,Akarsha
Anekan,Karunkuzhali
Iranjan,Pema
Chandrakishore,Aiswetha
Suhan,Yugabharathi
Sathyanthan,Priyana
Dhiren,Hymavathi
Rajapratheeban,Vyshamie
Anath,Agamdeep
Atheesh,Dhakshine
Priyeshan,Thridha
Admikan,Upkosha
Shreejeet,Priyamkari
Arunkarthik,Fodrina
Chittaprasad,Anuvarsha
Hirushanth,Priyanila
Rajeeshan,Rakthika
Sharben,Aalakanya
Chirtrang,Parinithi
Kartavyaa,Adhiti
Saarvendra,Uthvaeka
Shivan,Hindi
Piryadharshan,Harasuruthi
Jenanthan,Arunaya
Balajeyanthan,Yeleeswari
Priyanvad,Jaisya
Balen,Krithy
Dhaneshvar,Kaakali
Sasikanthan,Rikshika
Aktheesh,Mithushika
Deeban,Abie
Munal,Dhayazhini
Pitobash,Dhayanika
Shikar,Mosika
Ajitesh,Nevathika
Biswajiy,Nithaga
Dharampal,Renuja
Dhayanthen,Mathunisha
Bavanesh,Magil
Arthin,Roshni
Kajavarnan,Kalainila
Aaslunan,Carla
Sarajan,Geethashree
Sabari,Rusmika
Gulfam,Ambal
Kishalan,Ankavi
Lakhith,Boorvana
Dharendra,Neha
Rubihan,Omana
Haribabu,Champakavathi
Harivasan,Uvani
Dhayan,Mishaye
Drishtee,Dhevismitha
Kevalkishore,Niveetha
Pranesh,Nanoomi
Karthigaiselvan,Vandita
Kaneen,Bhakiavartini
Sujarnan,Manjuparkavi
Jenorshan,Aavihshka
Gauresh,Falaknaz
Sentheeshan,Mathurniga
Shanth,Pooranitha
Stavit,Anusree
Saileshwar,Vijayaletchemi
Tanesh,Thejasvyinie
Rantaj,Niraimadhi
Sashvinth,Rudhanyaa
Stimit,Naomika
Haraniharan,Maaheshvari
Muhuntha,Panavi
Nangaibormi,Tamilalagi
Div,Nineta
Naga,Tyna
Aneenthan,Rajani
Ridhun,Ahalthitha
Kirtit,Nijansika
Maruthanan,Kalpavalli
Hemchandra,Kalaimugil
Jerosan,Naksatra
Barna,Limna
Thanansayan,Natheshna
Rohin,Urna
Seanthan,Apenasha
Hariprasad,Adyatrayee